Division,District,Thana / Upazila,Thana Type,Population (Est. 2022),Area (sq km),Pop. Density (per sq km),Division Code,District Code
Dhaka,Dhaka,Adabor,City Thana,354000,9.67,36608,30,3001
Dhaka,Dhaka,Badda,City Thana,577000,11.71,49274,30,3001
Dhaka,Dhaka,Bangshal,City Thana,152000,1.37,110949,30,3001
Dhaka,Dhaka,Cantonment,City Thana,73000,42.81,1705,30,3001
Dhaka,Dhaka,Chawkbazar,City Thana,115000,0.99,116162,30,3001
Dhaka,Dhaka,Dakshinkhan,City Thana,420000,28.78,14593,30,3001
Dhaka,Dhaka,Demra,City Thana,458000,29.45,15552,30,3001
Dhaka,Dhaka,Dhanmondi,City Thana,197000,7.45,26443,30,3001
Dhaka,Dhaka,Gulshan,City Thana,195000,13.69,14244,30,3001
Dhaka,Dhaka,Hazaribagh,City Thana,203000,3.11,65273,30,3001
Dhaka,Dhaka,Jatrabari,City Thana,558000,10.43,53500,30,3001
Dhaka,Dhaka,Kafrul,City Thana,316000,5.48,57664,30,3001
Dhaka,Dhaka,Kadamtali,City Thana,323000,6.27,51515,30,3001
Dhaka,Dhaka,Kalabagan,City Thana,108000,2.49,43373,30,3001
Dhaka,Dhaka,Kamrangirchar,City Thana,370000,5.18,71429,30,3001
Dhaka,Dhaka,Khilgaon,City Thana,497000,8.34,59592,30,3001
Dhaka,Dhaka,Khilkhet,City Thana,270000,15.64,17263,30,3001
Dhaka,Dhaka,Kotwali,City Thana,117000,1.11,105405,30,3001
Dhaka,Dhaka,Lalbagh,City Thana,207000,2.23,92825,30,3001
Dhaka,Dhaka,Mirpur,City Thana,824000,25.37,32479,30,3001
Dhaka,Dhaka,Mohammadpur,City Thana,557000,16.04,34726,30,3001
Dhaka,Dhaka,Motijheel,City Thana,118000,2.53,46640,30,3001
Dhaka,Dhaka,Mugda,City Thana,287000,6.04,47517,30,3001
Dhaka,Dhaka,New Market,City Thana,110000,2.47,44534,30,3001
Dhaka,Dhaka,Pallabi,City Thana,621000,17.47,35547,30,3001
Dhaka,Dhaka,Paltan,City Thana,93000,1.51,61589,30,3001
Dhaka,Dhaka,Ramna,City Thana,157000,3.37,46588,30,3001
Dhaka,Dhaka,Rayer Bazar,City Thana,238000,9.11,26125,30,3001
Dhaka,Dhaka,Sabujbagh,City Thana,378000,8.22,45985,30,3001
Dhaka,Dhaka,Shah Ali,City Thana,299000,8.19,36508,30,3001
Dhaka,Dhaka,Shahjahanpur,City Thana,176000,3.97,44332,30,3001
Dhaka,Dhaka,Shyampur,City Thana,263000,6.83,38507,30,3001
Dhaka,Dhaka,Sutrapur,City Thana,174000,2.48,70161,30,3001
Dhaka,Dhaka,Tejgaon,City Thana,320000,7.73,41397,30,3001
Dhaka,Dhaka,Tejgaon Industrial Area,City Thana,110000,5.18,21236,30,3001
Dhaka,Dhaka,Turag,City Thana,538000,44.22,12166,30,3001
Dhaka,Dhaka,Uttara,City Thana,493000,21.54,22888,30,3001
Dhaka,Dhaka,Uttarkhan,City Thana,340000,29.52,11518,30,3001
Dhaka,Dhaka,Vatara,City Thana,259000,17.47,14825,30,3001
Dhaka,Dhaka,Wari,City Thana,125000,1.68,74405,30,3001
Dhaka,Dhaka,Dohar,Upazila,200000,189.0,1058,30,3001
Dhaka,Dhaka,Keraniganj,Upazila,600000,159.3,3766,30,3001
Dhaka,Dhaka,Nawabganj,Upazila,216000,162.8,1327,30,3001
Dhaka,Dhaka,Savar,Upazila,1300000,282.0,4610,30,3001
Dhaka,Gazipur,Gazipur Sadar,Upazila,1780000,179.7,9905,30,3002
Dhaka,Gazipur,Kaliakair,Upazila,474000,254.0,1866,30,3002
Dhaka,Gazipur,Kaliganj,Upazila,286000,187.0,1529,30,3002
Dhaka,Gazipur,Kapasia,Upazila,278000,318.0,874,30,3002
Dhaka,Gazipur,Sreepur,Upazila,473000,453.0,1044,30,3002
Dhaka,Narayanganj,Araihazar,Upazila,340000,177.0,1921,30,3003
Dhaka,Narayanganj,Bandar,Upazila,290000,25.0,11600,30,3003
Dhaka,Narayanganj,Narayanganj Sadar,Upazila,1100000,73.0,15068,30,3003
Dhaka,Narayanganj,Rupganj,Upazila,480000,175.0,2743,30,3003
Dhaka,Narayanganj,Sonargaon,Upazila,340000,180.0,1889,30,3003
Dhaka,Narsingdi,Belabo,Upazila,175000,119.0,1471,30,3004
Dhaka,Narsingdi,Monohardi,Upazila,222000,145.0,1531,30,3004
Dhaka,Narsingdi,Narsingdi Sadar,Upazila,370000,138.0,2681,30,3004
Dhaka,Narsingdi,Palash,Upazila,198000,72.0,2750,30,3004
Dhaka,Narsingdi,Raipura,Upazila,320000,231.0,1385,30,3004
Dhaka,Narsingdi,Shibpur,Upazila,248000,173.0,1434,30,3004
Dhaka,Manikganj,Daulatpur,Upazila,200000,233.0,858,30,3005
Dhaka,Manikganj,Ghior,Upazila,155000,163.0,951,30,3005
Dhaka,Manikganj,Harirampur,Upazila,148000,198.0,747,30,3005
Dhaka,Manikganj,Manikganj Sadar,Upazila,270000,180.0,1500,30,3005
Dhaka,Manikganj,Saturia,Upazila,190000,151.0,1258,30,3005
Dhaka,Manikganj,Shivalaya,Upazila,140000,150.0,933,30,3005
Dhaka,Manikganj,Singair,Upazila,220000,200.0,1100,30,3005
Dhaka,Munshiganj,Gazaria,Upazila,175000,109.0,1606,30,3006
Dhaka,Munshiganj,Louhajang,Upazila,189000,134.0,1410,30,3006
Dhaka,Munshiganj,Munshiganj Sadar,Upazila,310000,103.0,3010,30,3006
Dhaka,Munshiganj,Sirajdikhan,Upazila,230000,148.0,1554,30,3006
Dhaka,Munshiganj,Sreenagar,Upazila,240000,162.0,1481,30,3006
Dhaka,Munshiganj,Tongibari,Upazila,225000,136.0,1654,30,3006
Dhaka,Rajbari,Baliakandi,Upazila,167000,174.0,960,30,3007
Dhaka,Rajbari,Goalandaghat,Upazila,122000,107.0,1140,30,3007
Dhaka,Rajbari,Kalukhali,Upazila,131000,138.0,949,30,3007
Dhaka,Rajbari,Pangsha,Upazila,178000,190.0,937,30,3007
Dhaka,Rajbari,Rajbari Sadar,Upazila,228000,231.0,987,30,3007
Dhaka,Shariatpur,Bhedarganj,Upazila,218000,175.0,1246,30,3008
Dhaka,Shariatpur,Damudya,Upazila,142000,87.0,1632,30,3008
Dhaka,Shariatpur,Gosairhat,Upazila,158000,186.0,849,30,3008
Dhaka,Shariatpur,Naria,Upazila,201000,211.0,953,30,3008
Dhaka,Shariatpur,Shariatpur Sadar,Upazila,218000,121.0,1802,30,3008
Dhaka,Shariatpur,Zanjira,Upazila,163000,122.0,1336,30,3008
Dhaka,Faridpur,Alfadanga,Upazila,136000,155.0,877,30,3009
Dhaka,Faridpur,Bhanga,Upazila,199000,246.0,809,30,3009
Dhaka,Faridpur,Boalmari,Upazila,215000,195.0,1103,30,3009
Dhaka,Faridpur,Charbhadrasan,Upazila,118000,119.0,992,30,3009
Dhaka,Faridpur,Faridpur Sadar,Upazila,382000,297.0,1286,30,3009
Dhaka,Faridpur,Madhukhali,Upazila,167000,202.0,827,30,3009
Dhaka,Faridpur,Nagarkanda,Upazila,144000,149.0,966,30,3009
Dhaka,Faridpur,Sadarpur,Upazila,163000,155.0,1052,30,3009
Dhaka,Faridpur,Saltha,Upazila,110000,122.0,902,30,3009
Dhaka,Gopalganj,Gopalganj Sadar,Upazila,265000,367.0,722,30,3010
Dhaka,Gopalganj,Kashiani,Upazila,218000,272.0,801,30,3010
Dhaka,Gopalganj,Kotalipara,Upazila,265000,342.0,775,30,3010
Dhaka,Gopalganj,Muksudpur,Upazila,245000,319.0,768,30,3010
Dhaka,Gopalganj,Tungipara,Upazila,109000,132.0,826,30,3010
Dhaka,Madaripur,Kalkini,Upazila,221000,268.0,825,30,3011
Dhaka,Madaripur,Madaripur Sadar,Upazila,315000,262.0,1202,30,3011
Dhaka,Madaripur,Rajoir,Upazila,169000,205.0,824,30,3011
Dhaka,Madaripur,Shibchar,Upazila,295000,332.0,889,30,3011
Dhaka,Kishoreganj,Austagram,Upazila,214000,267.0,801,30,3012
Dhaka,Kishoreganj,Bajitpur,Upazila,244000,195.0,1251,30,3012
Dhaka,Kishoreganj,Bhairab,Upazila,241000,95.0,2537,30,3012
Dhaka,Kishoreganj,Hossainpur,Upazila,167000,130.0,1285,30,3012
Dhaka,Kishoreganj,Itna,Upazila,167000,263.0,635,30,3012
Dhaka,Kishoreganj,Karimganj,Upazila,207000,162.0,1278,30,3012
Dhaka,Kishoreganj,Katiadi,Upazila,212000,226.0,938,30,3012
Dhaka,Kishoreganj,Kishoreganj Sadar,Upazila,360000,155.0,2323,30,3012
Dhaka,Kishoreganj,Kuliarchar,Upazila,160000,134.0,1194,30,3012
Dhaka,Kishoreganj,Mithamain,Upazila,124000,203.0,611,30,3012
Dhaka,Kishoreganj,Nikli,Upazila,110000,135.0,815,30,3012
Dhaka,Kishoreganj,Pakundia,Upazila,232000,181.0,1282,30,3012
Dhaka,Kishoreganj,Tarail,Upazila,131000,147.0,891,30,3012
Dhaka,Tangail,Basail,Upazila,141000,150.0,940,30,3013
Dhaka,Tangail,Bhuapur,Upazila,168000,185.0,908,30,3013
Dhaka,Tangail,Delduar,Upazila,178000,175.0,1017,30,3013
Dhaka,Tangail,Dhanbari,Upazila,130000,190.0,684,30,3013
Dhaka,Tangail,Ghatail,Upazila,284000,384.0,740,30,3013
Dhaka,Tangail,Gopalpur,Upazila,152000,162.0,938,30,3013
Dhaka,Tangail,Kalihati,Upazila,256000,272.0,941,30,3013
Dhaka,Tangail,Madhupur,Upazila,260000,508.0,512,30,3013
Dhaka,Tangail,Mirzapur,Upazila,280000,309.0,906,30,3013
Dhaka,Tangail,Nagarpur,Upazila,215000,276.0,779,30,3013
Dhaka,Tangail,Sakhipur,Upazila,176000,358.0,492,30,3013
Dhaka,Tangail,Tangail Sadar,Upazila,458000,343.0,1335,30,3013
Chattogram,Chattogram,Akbar Shah,City Thana,197000,8.2,24024,20,2001
Chattogram,Chattogram,Bakalia,City Thana,395000,10.5,37619,20,2001
Chattogram,Chattogram,Bandar,City Thana,175000,9.6,18229,20,2001
Chattogram,Chattogram,Bayazid,City Thana,290000,14.1,20567,20,2001
Chattogram,Chattogram,Chandgaon,City Thana,399000,19.5,20462,20,2001
Chattogram,Chattogram,Double Mooring,City Thana,305000,7.8,39103,20,2001
Chattogram,Chattogram,EPZ,City Thana,155000,19.4,7990,20,2001
Chattogram,Chattogram,Halishahar,City Thana,258000,10.9,23670,20,2001
Chattogram,Chattogram,Khulshi,City Thana,198000,17.0,11647,20,2001
Chattogram,Chattogram,Kotwali,City Thana,162000,3.2,50625,20,2001
Chattogram,Chattogram,Pahartali,City Thana,311000,23.7,13122,20,2001
Chattogram,Chattogram,Panchlaish,City Thana,245000,12.0,20417,20,2001
Chattogram,Chattogram,Patenga,City Thana,180000,17.7,10169,20,2001
Chattogram,Chattogram,Sadarghat,City Thana,186000,4.6,40435,20,2001
Chattogram,Chattogram,Sitakunda (urban),City Thana,130000,7.5,17333,20,2001
Chattogram,Chattogram,Anwara,Upazila,176000,159.0,1107,20,2001
Chattogram,Chattogram,Banshkhali,Upazila,306000,370.0,827,20,2001
Chattogram,Chattogram,Boalkhali,Upazila,181000,140.0,1293,20,2001
Chattogram,Chattogram,Chandanaish,Upazila,188000,155.0,1213,20,2001
Chattogram,Chattogram,Fatikchhari,Upazila,311000,493.0,631,20,2001
Chattogram,Chattogram,Hathazari,Upazila,316000,269.0,1175,20,2001
Chattogram,Chattogram,Lohagara,Upazila,210000,259.0,811,20,2001
Chattogram,Chattogram,Mirsharai,Upazila,348000,482.0,722,20,2001
Chattogram,Chattogram,Patiya,Upazila,407000,282.0,1443,20,2001
Chattogram,Chattogram,Rangunia,Upazila,295000,358.0,824,20,2001
Chattogram,Chattogram,Raozan,Upazila,283000,204.0,1387,20,2001
Chattogram,Chattogram,Sandwip,Upazila,313000,762.0,411,20,2001
Chattogram,Chattogram,Satkania,Upazila,286000,269.0,1063,20,2001
Chattogram,Chattogram,Sitakunda,Upazila,222000,481.0,462,20,2001
Chattogram,Cox's Bazar,Chakaria,Upazila,336000,571.0,588,20,2002
Chattogram,Cox's Bazar,Cox's Bazar Sadar,Upazila,280000,195.0,1436,20,2002
Chattogram,Cox's Bazar,Kutubdia,Upazila,116000,216.0,537,20,2002
Chattogram,Cox's Bazar,Maheshkhali,Upazila,258000,389.0,663,20,2002
Chattogram,Cox's Bazar,Pekua,Upazila,155000,185.0,838,20,2002
Chattogram,Cox's Bazar,Ramu,Upazila,210000,612.0,343,20,2002
Chattogram,Cox's Bazar,Teknaf,Upazila,268000,400.0,670,20,2002
Chattogram,Cox's Bazar,Ukhia,Upazila,218000,217.0,1005,20,2002
Chattogram,Comilla,Barura,Upazila,218000,172.0,1267,20,2003
Chattogram,Comilla,Brahmanpara,Upazila,178000,136.0,1309,20,2003
Chattogram,Comilla,Burichang,Upazila,193000,149.0,1295,20,2003
Chattogram,Comilla,Chandina,Upazila,244000,183.0,1333,20,2003
Chattogram,Comilla,Chauddagram,Upazila,313000,278.0,1126,20,2003
Chattogram,Comilla,Comilla Sadar,Upazila,290000,106.0,2736,20,2003
Chattogram,Comilla,Comilla Sadar South,Upazila,185000,76.0,2434,20,2003
Chattogram,Comilla,Daudkandi,Upazila,283000,209.0,1354,20,2003
Chattogram,Comilla,Debidwar,Upazila,250000,183.0,1366,20,2003
Chattogram,Comilla,Homna,Upazila,149000,116.0,1284,20,2003
Chattogram,Comilla,Laksam,Upazila,202000,112.0,1804,20,2003
Chattogram,Comilla,Lalmai,Upazila,120000,77.0,1558,20,2003
Chattogram,Comilla,Meghna,Upazila,115000,80.0,1438,20,2003
Chattogram,Comilla,Monoharganj,Upazila,162000,129.0,1256,20,2003
Chattogram,Comilla,Muradnagar,Upazila,343000,259.0,1324,20,2003
Chattogram,Comilla,Nangalkot,Upazila,265000,204.0,1299,20,2003
Chattogram,Comilla,Titas,Upazila,195000,133.0,1466,20,2003
Chattogram,Feni,Chhagalnaiya,Upazila,188000,136.0,1382,20,2004
Chattogram,Feni,Daganbhuiyan,Upazila,215000,215.0,1000,20,2004
Chattogram,Feni,Feni Sadar,Upazila,342000,178.0,1921,20,2004
Chattogram,Feni,Parshuram,Upazila,106000,78.0,1359,20,2004
Chattogram,Feni,Sonagazi,Upazila,193000,195.0,990,20,2004
Chattogram,Feni,Fulgazi,Upazila,104000,90.0,1156,20,2004
Chattogram,Noakhali,Begumganj,Upazila,448000,272.0,1647,20,2005
Chattogram,Noakhali,Chatkhil,Upazila,219000,171.0,1281,20,2005
Chattogram,Noakhali,Companiganj,Upazila,221000,303.0,729,20,2005
Chattogram,Noakhali,Hatiya,Upazila,316000,1539.0,205,20,2005
Chattogram,Noakhali,Kabir Hat,Upazila,195000,148.0,1318,20,2005
Chattogram,Noakhali,Noakhali Sadar,Upazila,263000,194.0,1356,20,2005
Chattogram,Noakhali,Senbagh,Upazila,199000,133.0,1496,20,2005
Chattogram,Noakhali,Sonaimuri,Upazila,218000,168.0,1298,20,2005
Chattogram,Noakhali,Subarna Char,Upazila,189000,443.0,427,20,2005
Chattogram,Lakshmipur,Kamalnagar,Upazila,222000,204.0,1088,20,2006
Chattogram,Lakshmipur,Lakshmipur Sadar,Upazila,400000,197.0,2030,20,2006
Chattogram,Lakshmipur,Ramganj,Upazila,214000,148.0,1446,20,2006
Chattogram,Lakshmipur,Ramgati,Upazila,204000,375.0,544,20,2006
Chattogram,Lakshmipur,Roypur,Upazila,130000,90.0,1444,20,2006
Chattogram,Chandpur,Chandpur Sadar,Upazila,293000,207.0,1415,20,2007
Chattogram,Chandpur,Faridganj,Upazila,222000,175.0,1269,20,2007
Chattogram,Chandpur,Haimchar,Upazila,118000,120.0,983,20,2007
Chattogram,Chandpur,Hajiganj,Upazila,230000,175.0,1314,20,2007
Chattogram,Chandpur,Kachua,Upazila,180000,182.0,989,20,2007
Chattogram,Chandpur,Matlab North,Upazila,193000,174.0,1109,20,2007
Chattogram,Chandpur,Matlab South,Upazila,174000,167.0,1042,20,2007
Chattogram,Chandpur,Shahrasti,Upazila,184000,137.0,1343,20,2007
Chattogram,Brahmanbaria,Akhaura,Upazila,140000,91.0,1538,20,2008
Chattogram,Brahmanbaria,Ashuganj,Upazila,130000,91.0,1429,20,2008
Chattogram,Brahmanbaria,Bancharampur,Upazila,196000,177.0,1107,20,2008
Chattogram,Brahmanbaria,Brahmanbaria Sadar,Upazila,370000,189.0,1958,20,2008
Chattogram,Brahmanbaria,Kasba,Upazila,227000,211.0,1076,20,2008
Chattogram,Brahmanbaria,Nabinagar,Upazila,291000,322.0,904,20,2008
Chattogram,Brahmanbaria,Nasirnagar,Upazila,198000,267.0,742,20,2008
Chattogram,Brahmanbaria,Sarail,Upazila,183000,171.0,1070,20,2008
Chattogram,Brahmanbaria,Bijoynagar,Upazila,100000,75.0,1333,20,2008
Chattogram,Rangamati,Baghaichhari,Upazila,66000,1301.0,51,20,2009
Chattogram,Rangamati,Barkal,Upazila,48000,1007.0,48,20,2009
Chattogram,Rangamati,Juraichhari,Upazila,31000,640.0,48,20,2009
Chattogram,Rangamati,Kaptai,Upazila,76000,661.0,115,20,2009
Chattogram,Rangamati,Kaukhali,Upazila,48000,282.0,170,20,2009
Chattogram,Rangamati,Langadu,Upazila,68000,694.0,98,20,2009
Chattogram,Rangamati,Naniarchar,Upazila,42000,403.0,104,20,2009
Chattogram,Rangamati,Rajasthali,Upazila,33000,323.0,102,20,2009
Chattogram,Rangamati,Rangamati Sadar,Upazila,140000,614.0,228,20,2009
Chattogram,Rangamati,Bilaichhari,Upazila,32000,548.0,58,20,2009
Chattogram,Khagrachhari,Dighinala,Upazila,88000,716.0,123,20,2010
Chattogram,Khagrachhari,Guimara,Upazila,50000,308.0,162,20,2010
Chattogram,Khagrachhari,Khagrachhari Sadar,Upazila,155000,588.0,264,20,2010
Chattogram,Khagrachhari,Lakshmichhari,Upazila,33000,297.0,111,20,2010
Chattogram,Khagrachhari,Mahalchhari,Upazila,47000,427.0,110,20,2010
Chattogram,Khagrachhari,Manikchhari,Upazila,73000,338.0,216,20,2010
Chattogram,Khagrachhari,Matiranga,Upazila,120000,504.0,238,20,2010
Chattogram,Khagrachhari,Panchhari,Upazila,58000,532.0,109,20,2010
Chattogram,Khagrachhari,Ramgarh,Upazila,76000,325.0,234,20,2010
Chattogram,Bandarban,Ali Kadam,Upazila,33000,714.0,46,20,2011
Chattogram,Bandarban,Bandarban Sadar,Upazila,110000,701.0,157,20,2011
Chattogram,Bandarban,Lama,Upazila,85000,923.0,92,20,2011
Chattogram,Bandarban,Naikhongchhari,Upazila,48000,1036.0,46,20,2011
Chattogram,Bandarban,Rowangchhari,Upazila,41000,660.0,62,20,2011
Chattogram,Bandarban,Ruma,Upazila,30000,1112.0,27,20,2011
Chattogram,Bandarban,Thanchi,Upazila,26000,1350.0,19,20,2011
Rajshahi,Rajshahi,Boalia,City Thana,195000,13.5,14444,50,5001
Rajshahi,Rajshahi,Motihar,City Thana,265000,22.0,12045,50,5001
Rajshahi,Rajshahi,Rajpara,City Thana,205000,16.5,12424,50,5001
Rajshahi,Rajshahi,Shah Makhdum,City Thana,178000,18.0,9889,50,5001
Rajshahi,Rajshahi,Bagha,Upazila,187000,224.0,835,50,5001
Rajshahi,Rajshahi,Bagmara,Upazila,279000,343.0,813,50,5001
Rajshahi,Rajshahi,Charghat,Upazila,151000,163.0,926,50,5001
Rajshahi,Rajshahi,Durgapur,Upazila,162000,188.0,862,50,5001
Rajshahi,Rajshahi,Godagari,Upazila,225000,490.0,459,50,5001
Rajshahi,Rajshahi,Mohanpur,Upazila,162000,175.0,926,50,5001
Rajshahi,Rajshahi,Paba,Upazila,225000,194.0,1160,50,5001
Rajshahi,Rajshahi,Puthia,Upazila,170000,179.0,950,50,5001
Rajshahi,Rajshahi,Tanore,Upazila,189000,302.0,626,50,5001
Rajshahi,Bogura,Adamdighi,Upazila,148000,172.0,860,50,5002
Rajshahi,Bogura,Bogura Sadar,Upazila,485000,251.0,1932,50,5002
Rajshahi,Bogura,Dhunat,Upazila,221000,267.0,828,50,5002
Rajshahi,Bogura,Dhupchanchia,Upazila,136000,149.0,913,50,5002
Rajshahi,Bogura,Gabtali,Upazila,199000,230.0,865,50,5002
Rajshahi,Bogura,Kahaloo,Upazila,171000,214.0,799,50,5002
Rajshahi,Bogura,Nandigram,Upazila,163000,177.0,921,50,5002
Rajshahi,Bogura,Sariakandi,Upazila,207000,309.0,670,50,5002
Rajshahi,Bogura,Shajahanpur,Upazila,177000,169.0,1047,50,5002
Rajshahi,Bogura,Sherpur,Upazila,219000,227.0,965,50,5002
Rajshahi,Bogura,Shibganj,Upazila,279000,308.0,906,50,5002
Rajshahi,Bogura,Sonatala,Upazila,140000,180.0,778,50,5002
Rajshahi,Chapai Nawabganj,Bholahat,Upazila,89000,126.0,706,50,5003
Rajshahi,Chapai Nawabganj,Chapai Nawabganj Sadar,Upazila,382000,489.0,781,50,5003
Rajshahi,Chapai Nawabganj,Gomastapur,Upazila,206000,362.0,569,50,5003
Rajshahi,Chapai Nawabganj,Nachole,Upazila,146000,262.0,557,50,5003
Rajshahi,Chapai Nawabganj,Shibganj,Upazila,219000,458.0,478,50,5003
Rajshahi,Naogaon,Atrai,Upazila,163000,276.0,591,50,5004
Rajshahi,Naogaon,Badalgachhi,Upazila,138000,231.0,597,50,5004
Rajshahi,Naogaon,Dhamoirhat,Upazila,124000,235.0,528,50,5004
Rajshahi,Naogaon,Mahadebpur,Upazila,196000,323.0,607,50,5004
Rajshahi,Naogaon,Manda,Upazila,226000,303.0,746,50,5004
Rajshahi,Naogaon,Mohadevpur,Upazila,196000,323.0,607,50,5004
Rajshahi,Naogaon,Naogaon Sadar,Upazila,327000,303.0,1079,50,5004
Rajshahi,Naogaon,Niamatpur,Upazila,172000,313.0,550,50,5004
Rajshahi,Naogaon,Patnitala,Upazila,175000,271.0,646,50,5004
Rajshahi,Naogaon,Porsha,Upazila,131000,236.0,555,50,5004
Rajshahi,Naogaon,Raninagar,Upazila,133000,192.0,693,50,5004
Rajshahi,Natore,Bagatipara,Upazila,111000,152.0,730,50,5005
Rajshahi,Natore,Baraigram,Upazila,200000,273.0,733,50,5005
Rajshahi,Natore,Gurudaspur,Upazila,180000,218.0,826,50,5005
Rajshahi,Natore,Lalpur,Upazila,180000,218.0,826,50,5005
Rajshahi,Natore,Natore Sadar,Upazila,280000,292.0,959,50,5005
Rajshahi,Natore,Singra,Upazila,239000,329.0,726,50,5005
Rajshahi,Pabna,Atgharia,Upazila,135000,178.0,758,50,5006
Rajshahi,Pabna,Bera,Upazila,218000,285.0,765,50,5006
Rajshahi,Pabna,Bhangura,Upazila,120000,139.0,863,50,5006
Rajshahi,Pabna,Chatmohar,Upazila,189000,232.0,815,50,5006
Rajshahi,Pabna,Faridpur,Upazila,159000,216.0,736,50,5006
Rajshahi,Pabna,Ishwardi,Upazila,232000,254.0,913,50,5006
Rajshahi,Pabna,Pabna Sadar,Upazila,380000,310.0,1226,50,5006
Rajshahi,Pabna,Santhia,Upazila,228000,302.0,755,50,5006
Rajshahi,Pabna,Sujanagar,Upazila,199000,261.0,762,50,5006
Rajshahi,Sirajganj,Belkuchi,Upazila,207000,177.0,1169,50,5007
Rajshahi,Sirajganj,Chauhali,Upazila,130000,182.0,714,50,5007
Rajshahi,Sirajganj,Kamarkhanda,Upazila,136000,133.0,1023,50,5007
Rajshahi,Sirajganj,Kazipur,Upazila,173000,250.0,692,50,5007
Rajshahi,Sirajganj,Raiganj,Upazila,254000,347.0,732,50,5007
Rajshahi,Sirajganj,Shahjadpur,Upazila,357000,380.0,939,50,5007
Rajshahi,Sirajganj,Sirajganj Sadar,Upazila,392000,309.0,1269,50,5007
Rajshahi,Sirajganj,Tarash,Upazila,165000,261.0,632,50,5007
Rajshahi,Sirajganj,Ullahpara,Upazila,243000,330.0,736,50,5007
Rajshahi,Joypurhat,Joypurhat Sadar,Upazila,315000,238.5,1321,50,5008
Rajshahi,Joypurhat,Akkelpur,Upazila,145000,139.47,1040,50,5008
Rajshahi,Joypurhat,Kalai,Upazila,146000,166.3,878,50,5008
Rajshahi,Joypurhat,Khetlal,Upazila,111000,142.6,778,50,5008
Rajshahi,Joypurhat,Panchbibi,Upazila,240000,278.53,862,50,5008
Khulna,Khulna,Daulatpur,City Thana,204000,24.0,8500,40,4001
Khulna,Khulna,Khan Jahan Ali,City Thana,153000,21.0,7286,40,4001
Khulna,Khulna,Khalishpur,City Thana,191000,12.0,15917,40,4001
Khulna,Khulna,Khulna Sadar,City Thana,157000,9.5,16526,40,4001
Khulna,Khulna,Sonadanga,City Thana,174000,11.3,15398,40,4001
Khulna,Khulna,Aira,Upazila,134000,143.0,937,40,4001
Khulna,Khulna,Batiaghata,Upazila,143000,214.0,668,40,4001
Khulna,Khulna,Dacope,Upazila,139000,447.0,311,40,4001
Khulna,Khulna,Dighalia,Upazila,111000,108.0,1028,40,4001
Khulna,Khulna,Dumuria,Upazila,241000,368.0,655,40,4001
Khulna,Khulna,Koyra,Upazila,170000,628.0,271,40,4001
Khulna,Khulna,Paikgachha,Upazila,193000,336.0,574,40,4001
Khulna,Khulna,Phultala,Upazila,105000,85.0,1235,40,4001
Khulna,Khulna,Rupsha,Upazila,135000,131.0,1031,40,4001
Khulna,Khulna,Terokhada,Upazila,96000,124.0,774,40,4001
Khulna,Bagerhat,Bagerhat Sadar,Upazila,225000,307.0,733,40,4002
Khulna,Bagerhat,Chitalmari,Upazila,131000,177.0,740,40,4002
Khulna,Bagerhat,Fakirhat,Upazila,123000,175.0,703,40,4002
Khulna,Bagerhat,Kachua,Upazila,158000,249.0,635,40,4002
Khulna,Bagerhat,Mollahat,Upazila,134000,204.0,657,40,4002
Khulna,Bagerhat,Mongla,Upazila,98000,476.0,206,40,4002
Khulna,Bagerhat,Morrelganj,Upazila,218000,392.0,556,40,4002
Khulna,Bagerhat,Rampal,Upazila,152000,338.0,450,40,4002
Khulna,Bagerhat,Sarankhola,Upazila,115000,249.0,462,40,4002
Khulna,Satkhira,Assasuni,Upazila,196000,332.0,590,40,4003
Khulna,Satkhira,Debhata,Upazila,120000,183.0,656,40,4003
Khulna,Satkhira,Kalaroa,Upazila,216000,272.0,794,40,4003
Khulna,Satkhira,Kaliganj,Upazila,207000,312.0,663,40,4003
Khulna,Satkhira,Satkhira Sadar,Upazila,340000,267.0,1273,40,4003
Khulna,Satkhira,Shyamnagar,Upazila,245000,1988.0,123,40,4003
Khulna,Satkhira,Tala,Upazila,190000,279.0,681,40,4003
Khulna,Jessore,Abhaynagor,Upazila,167000,222.0,752,40,4004
Khulna,Jessore,Bagherpara,Upazila,161000,243.0,663,40,4004
Khulna,Jessore,Chaugachha,Upazila,193000,237.0,814,40,4004
Khulna,Jessore,Jhikargachha,Upazila,198000,247.0,802,40,4004
Khulna,Jessore,Jessore Sadar,Upazila,405000,280.0,1446,40,4004
Khulna,Jessore,Keshabpur,Upazila,165000,210.0,786,40,4004
Khulna,Jessore,Manirampur,Upazila,272000,376.0,723,40,4004
Khulna,Jessore,Sharsha,Upazila,224000,333.0,673,40,4004
Khulna,Narail,Kalia,Upazila,210000,290.0,724,40,4005
Khulna,Narail,Lohagara,Upazila,172000,237.0,726,40,4005
Khulna,Narail,Narail Sadar,Upazila,233000,282.0,826,40,4005
Khulna,Magura,Magura Sadar,Upazila,255000,322.0,792,40,4006
Khulna,Magura,Mohammadpur,Upazila,157000,231.0,680,40,4006
Khulna,Magura,Shalikha,Upazila,126000,173.0,728,40,4006
Khulna,Magura,Sreepur,Upazila,128000,181.0,707,40,4006
Khulna,Jhenaidah,Harinakunda,Upazila,151000,218.0,693,40,4007
Khulna,Jhenaidah,Jhenaidah Sadar,Upazila,350000,368.0,951,40,4007
Khulna,Jhenaidah,Kaliganj,Upazila,193000,288.0,670,40,4007
Khulna,Jhenaidah,Kotchandpur,Upazila,130000,172.0,756,40,4007
Khulna,Jhenaidah,Maheshpur,Upazila,188000,322.0,584,40,4007
Khulna,Jhenaidah,Shailkupa,Upazila,199000,283.0,703,40,4007
Khulna,Kushtia,Bheramara,Upazila,177000,178.0,994,40,4008
Khulna,Kushtia,Daulatpur,Upazila,175000,256.0,684,40,4008
Khulna,Kushtia,Khoksa,Upazila,137000,128.0,1070,40,4008
Khulna,Kushtia,Kumarkhali,Upazila,198000,212.0,934,40,4008
Khulna,Kushtia,Kushtia Sadar,Upazila,336000,296.0,1135,40,4008
Khulna,Kushtia,Mirpur,Upazila,172000,194.0,887,40,4008
Khulna,Meherpur,Gangni,Upazila,183000,233.0,785,40,4009
Khulna,Meherpur,Meherpur Sadar,Upazila,177000,195.0,908,40,4009
Khulna,Meherpur,Mujib Nagar,Upazila,67000,58.0,1155,40,4009
Khulna,Chuadanga,Alamdanga,Upazila,189000,226.0,836,40,4010
Khulna,Chuadanga,Chuadanga Sadar,Upazila,242000,261.0,927,40,4010
Khulna,Chuadanga,Damurhuda,Upazila,178000,247.0,721,40,4010
Khulna,Chuadanga,Jibannagar,Upazila,141000,180.0,783,40,4010
Sylhet,Sylhet,Balaganj,Upazila,255000,208.0,1226,60,6001
Sylhet,Sylhet,Beanibazar,Upazila,205000,176.0,1165,60,6001
Sylhet,Sylhet,Bishwanath,Upazila,206000,189.0,1090,60,6001
Sylhet,Sylhet,Companiganj,Upazila,130000,208.0,625,60,6001
Sylhet,Sylhet,Fenchuganj,Upazila,104000,102.0,1020,60,6001
Sylhet,Sylhet,Golapganj,Upazila,225000,281.0,801,60,6001
Sylhet,Sylhet,Gowainghat,Upazila,141000,463.0,305,60,6001
Sylhet,Sylhet,Jaintiapur,Upazila,118000,283.0,417,60,6001
Sylhet,Sylhet,Kanaighat,Upazila,181000,313.0,578,60,6001
Sylhet,Sylhet,Osmani Nagar,Upazila,198000,118.0,1678,60,6001
Sylhet,Sylhet,Sylhet Sadar,Upazila,545000,116.0,4698,60,6001
Sylhet,Sylhet,Zakiganj,Upazila,175000,279.0,627,60,6001
Sylhet,Sylhet,South Surma,Upazila,170000,183.0,929,60,6001
Sylhet,Moulvibazar,Barlekha,Upazila,175000,293.0,597,60,6002
Sylhet,Moulvibazar,Juri,Upazila,101000,206.0,490,60,6002
Sylhet,Moulvibazar,Kamalganj,Upazila,172000,271.0,635,60,6002
Sylhet,Moulvibazar,Kulaura,Upazila,234000,388.0,603,60,6002
Sylhet,Moulvibazar,Moulvibazar Sadar,Upazila,260000,259.0,1004,60,6002
Sylhet,Moulvibazar,Rajnagar,Upazila,97000,188.0,516,60,6002
Sylhet,Moulvibazar,Sreemangal,Upazila,159000,428.0,371,60,6002
Sylhet,Habiganj,Ajmiriganj,Upazila,100000,150.0,667,60,6003
Sylhet,Habiganj,Bahubal,Upazila,148000,188.0,787,60,6003
Sylhet,Habiganj,Baniachong,Upazila,283000,350.0,809,60,6003
Sylhet,Habiganj,Chunarughat,Upazila,186000,417.0,446,60,6003
Sylhet,Habiganj,Habiganj Sadar,Upazila,285000,218.0,1307,60,6003
Sylhet,Habiganj,Lakhai,Upazila,101000,148.0,682,60,6003
Sylhet,Habiganj,Madhabpur,Upazila,152000,272.0,559,60,6003
Sylhet,Habiganj,Nabiganj,Upazila,172000,325.0,529,60,6003
Sylhet,Sunamganj,Bishwamvarpur,Upazila,86000,160.0,538,60,6004
Sylhet,Sunamganj,Chhatak,Upazila,204000,197.0,1036,60,6004
Sylhet,Sunamganj,Derai,Upazila,131000,275.0,476,60,6004
Sylhet,Sunamganj,Dharampasha,Upazila,116000,346.0,335,60,6004
Sylhet,Sunamganj,Dowarabazar,Upazila,97000,259.0,375,60,6004
Sylhet,Sunamganj,Jagannathpur,Upazila,170000,275.0,618,60,6004
Sylhet,Sunamganj,Jamalganj,Upazila,89000,266.0,335,60,6004
Sylhet,Sunamganj,Sulla,Upazila,80000,261.0,307,60,6004
Sylhet,Sunamganj,Sunamganj Sadar,Upazila,223000,147.0,1517,60,6004
Sylhet,Sunamganj,Tahirpur,Upazila,90000,207.0,435,60,6004
Sylhet,Sunamganj,Shalla,Upazila,80000,210.0,381,60,6004
Barishal,Barishal,Barishal Sadar,City/Upazila,202000,58.0,3483,10,1001
Barishal,Barishal,Airport,City Thana,130000,19.5,6667,10,1001
Barishal,Barishal,Banaripara,Upazila,189000,178.0,1062,10,1001
Barishal,Barishal,Babuganj,Upazila,143000,167.0,856,10,1001
Barishal,Barishal,Bakerganj,Upazila,265000,296.0,895,10,1001
Barishal,Barishal,Belhara,Upazila,75000,88.0,852,10,1001
Barishal,Barishal,Gaurnadi,Upazila,138000,138.0,1000,10,1001
Barishal,Barishal,Hizla,Upazila,116000,193.0,601,10,1001
Barishal,Barishal,Mehendiganj,Upazila,215000,451.0,477,10,1001
Barishal,Barishal,Muladi,Upazila,128000,199.0,643,10,1001
Barishal,Barishal,Wazirpur,Upazila,152000,208.0,731,10,1001
Barishal,Bhola,Bhola Sadar,Upazila,305000,396.0,770,10,1002
Barishal,Bhola,Burhanuddin,Upazila,165000,267.0,618,10,1002
Barishal,Bhola,Char Fasson,Upazila,257000,1228.0,209,10,1002
Barishal,Bhola,Daulatkhan,Upazila,152000,213.0,714,10,1002
Barishal,Bhola,Lalmohan,Upazila,202000,337.0,599,10,1002
Barishal,Bhola,Manpura,Upazila,76000,373.0,204,10,1002
Barishal,Bhola,Tazumuddin,Upazila,113000,219.0,516,10,1002
Barishal,Patuakhali,Bauphal,Upazila,238000,492.0,484,10,1003
Barishal,Patuakhali,Dashmina,Upazila,118000,273.0,432,10,1003
Barishal,Patuakhali,Dumki,Upazila,84000,127.0,661,10,1003
Barishal,Patuakhali,Galachipa,Upazila,228000,718.0,318,10,1003
Barishal,Patuakhali,Kalapara,Upazila,218000,1022.0,213,10,1003
Barishal,Patuakhali,Mirzaganj,Upazila,104000,181.0,575,10,1003
Barishal,Patuakhali,Patuakhali Sadar,Upazila,198000,294.0,673,10,1003
Barishal,Patuakhali,Rangabali,Upazila,72000,397.0,181,10,1003
Barishal,Pirojpur,Bhandaria,Upazila,130000,186.0,699,10,1004
Barishal,Pirojpur,Kawkhali,Upazila,101000,147.0,687,10,1004
Barishal,Pirojpur,Mathbaria,Upazila,185000,280.0,661,10,1004
Barishal,Pirojpur,Nazirpur,Upazila,163000,250.0,652,10,1004
Barishal,Pirojpur,Nesarabad,Upazila,132000,212.0,623,10,1004
Barishal,Pirojpur,Pirojpur Sadar,Upazila,187000,213.0,878,10,1004
Barishal,Pirojpur,Zianagar,Upazila,91000,133.0,684,10,1004
Barishal,Jhalokati,Jhalokati Sadar,Upazila,163000,215.0,758,10,1005
Barishal,Jhalokati,Kathalia,Upazila,109000,178.0,612,10,1005
Barishal,Jhalokati,Nalchity,Upazila,94000,148.0,635,10,1005
Barishal,Jhalokati,Rajapur,Upazila,100000,154.0,649,10,1005
Barishal,Barguna,Amtali,Upazila,161000,385.0,418,10,1006
Barishal,Barguna,Bamna,Upazila,67000,188.0,356,10,1006
Barishal,Barguna,Barguna Sadar,Upazila,175000,387.0,452,10,1006
Barishal,Barguna,Betagi,Upazila,108000,236.0,458,10,1006
Barishal,Barguna,Pathorghata,Upazila,139000,330.0,421,10,1006
Barishal,Barguna,Taltali,Upazila,79000,339.0,233,10,1006
Rangpur,Rangpur,Rangpur Sadar,Upazila,365000,149.0,2450,55,5501
Rangpur,Rangpur,Badarganj,Upazila,178000,219.0,813,55,5501
Rangpur,Rangpur,Gangachara,Upazila,210000,363.0,579,55,5501
Rangpur,Rangpur,Kaunia,Upazila,141000,184.0,766,55,5501
Rangpur,Rangpur,Mithapukur,Upazila,311000,447.0,696,55,5501
Rangpur,Rangpur,Pirgachha,Upazila,192000,260.0,738,55,5501
Rangpur,Rangpur,Pirganj,Upazila,287000,432.0,664,55,5501
Rangpur,Rangpur,Taraganj,Upazila,145000,194.0,747,55,5501
Rangpur,Dinajpur,Birampur,Upazila,145000,234.0,620,55,5502
Rangpur,Dinajpur,Birganj,Upazila,206000,311.0,662,55,5502
Rangpur,Dinajpur,Biral,Upazila,172000,259.0,664,55,5502
Rangpur,Dinajpur,Bochaganj,Upazila,162000,249.0,651,55,5502
Rangpur,Dinajpur,Chirirbandar,Upazila,183000,283.0,647,55,5502
Rangpur,Dinajpur,Dinajpur Sadar,Upazila,457000,395.0,1157,55,5502
Rangpur,Dinajpur,Fulbari,Upazila,148000,200.0,740,55,5502
Rangpur,Dinajpur,Ghoraghat,Upazila,86000,150.0,573,55,5502
Rangpur,Dinajpur,Hakimpur,Upazila,88000,130.0,677,55,5502
Rangpur,Dinajpur,Kaharole,Upazila,135000,202.0,668,55,5502
Rangpur,Dinajpur,Khansama,Upazila,150000,203.0,739,55,5502
Rangpur,Dinajpur,Nawabganj,Upazila,147000,220.0,668,55,5502
Rangpur,Dinajpur,Parbatipur,Upazila,213000,289.0,737,55,5502
Rangpur,Gaibandha,Fulchhari,Upazila,130000,220.0,591,55,5503
Rangpur,Gaibandha,Gaibandha Sadar,Upazila,282000,282.0,1000,55,5503
Rangpur,Gaibandha,Gobindaganj,Upazila,314000,403.0,779,55,5503
Rangpur,Gaibandha,Palashbari,Upazila,163000,199.0,819,55,5503
Rangpur,Gaibandha,Sadullapur,Upazila,213000,302.0,705,55,5503
Rangpur,Gaibandha,Saghata,Upazila,153000,295.0,519,55,5503
Rangpur,Gaibandha,Sundarganj,Upazila,289000,430.0,672,55,5503
Rangpur,Kurigram,Bhurungamari,Upazila,179000,317.0,565,55,5504
Rangpur,Kurigram,Char Rajibpur,Upazila,73000,164.0,445,55,5504
Rangpur,Kurigram,Chilmari,Upazila,108000,208.0,519,55,5504
Rangpur,Kurigram,Kurigram Sadar,Upazila,260000,263.0,989,55,5504
Rangpur,Kurigram,Nageshwari,Upazila,239000,322.0,742,55,5504
Rangpur,Kurigram,Phulbari,Upazila,109000,174.0,626,55,5504
Rangpur,Kurigram,Rajarhat,Upazila,149000,193.0,772,55,5504
Rangpur,Kurigram,Raumari,Upazila,120000,189.0,635,55,5504
Rangpur,Kurigram,Ulipur,Upazila,249000,382.0,652,55,5504
Rangpur,Lalmonirhat,Aditmari,Upazila,145000,207.0,700,55,5505
Rangpur,Lalmonirhat,Hatibandha,Upazila,166000,269.0,617,55,5505
Rangpur,Lalmonirhat,Kaliganj,Upazila,148000,196.0,755,55,5505
Rangpur,Lalmonirhat,Lalmonirhat Sadar,Upazila,235000,191.0,1230,55,5505
Rangpur,Lalmonirhat,Patgram,Upazila,148000,294.0,503,55,5505
Rangpur,Nilphamari,Dimla,Upazila,192000,287.0,669,55,5506
Rangpur,Nilphamari,Domar,Upazila,169000,231.0,732,55,5506
Rangpur,Nilphamari,Jaldhaka,Upazila,190000,261.0,728,55,5506
Rangpur,Nilphamari,Kishoreganj,Upazila,136000,184.0,739,55,5506
Rangpur,Nilphamari,Nilphamari Sadar,Upazila,283000,259.0,1093,55,5506
Rangpur,Nilphamari,Saidpur,Upazila,235000,127.0,1850,55,5506
Rangpur,Panchagarh,Atwari,Upazila,112000,235.0,477,55,5507
Rangpur,Panchagarh,Boda,Upazila,178000,330.0,539,55,5507
Rangpur,Panchagarh,Debiganj,Upazila,168000,318.0,528,55,5507
Rangpur,Panchagarh,Panchagarh Sadar,Upazila,190000,336.0,565,55,5507
Rangpur,Panchagarh,Tetulia,Upazila,102000,214.0,477,55,5507
Rangpur,Thakurgaon,Baliadangi,Upazila,148000,253.0,585,55,5508
Rangpur,Thakurgaon,Haripur,Upazila,100000,186.0,538,55,5508
Rangpur,Thakurgaon,Pirganj,Upazila,207000,337.0,614,55,5508
Rangpur,Thakurgaon,Ranisankail,Upazila,175000,280.0,625,55,5508
Rangpur,Thakurgaon,Thakurgaon Sadar,Upazila,270000,344.0,785,55,5508
Mymensingh,Mymensingh,Bhaluka,Upazila,298000,394.0,756,45,4501
Mymensingh,Mymensingh,Dhobaura,Upazila,101000,204.0,495,45,4501
Mymensingh,Mymensingh,Fulbaria,Upazila,232000,283.0,820,45,4501
Mymensingh,Mymensingh,Gaffargaon,Upazila,255000,320.0,797,45,4501
Mymensingh,Mymensingh,Gauripur,Upazila,181000,216.0,838,45,4501
Mymensingh,Mymensingh,Haluaghat,Upazila,171000,328.0,521,45,4501
Mymensingh,Mymensingh,Ishwarganj,Upazila,226000,279.0,810,45,4501
Mymensingh,Mymensingh,Muktagachha,Upazila,196000,248.0,790,45,4501
Mymensingh,Mymensingh,Mymensingh Sadar,Upazila,556000,243.0,2288,45,4501
Mymensingh,Mymensingh,Nandail,Upazila,222000,285.0,779,45,4501
Mymensingh,Mymensingh,Phulpur,Upazila,231000,357.0,647,45,4501
Mymensingh,Mymensingh,Trishal,Upazila,238000,294.0,810,45,4501
Mymensingh,Mymensingh,Tarakanda,Upazila,138000,204.0,676,45,4501
Mymensingh,Jamalpur,Bakshiganj,Upazila,161000,207.0,778,45,4502
Mymensingh,Jamalpur,Dewanganj,Upazila,186000,245.0,759,45,4502
Mymensingh,Jamalpur,Islampur,Upazila,232000,303.0,766,45,4502
Mymensingh,Jamalpur,Jamalpur Sadar,Upazila,436000,299.0,1458,45,4502
Mymensingh,Jamalpur,Madarganj,Upazila,148000,202.0,733,45,4502
Mymensingh,Jamalpur,Melandaha,Upazila,182000,262.0,695,45,4502
Mymensingh,Jamalpur,Sarishabari,Upazila,222000,263.0,844,45,4502
Mymensingh,Netrokona,Atpara,Upazila,124000,194.0,639,45,4503
Mymensingh,Netrokona,Barhatta,Upazila,131000,213.0,615,45,4503
Mymensingh,Netrokona,Durgapur,Upazila,109000,315.0,346,45,4503
Mymensingh,Netrokona,Kalmakanda,Upazila,143000,354.0,404,45,4503
Mymensingh,Netrokona,Kendua,Upazila,196000,314.0,624,45,4503
Mymensingh,Netrokona,Khaliajuri,Upazila,73000,148.0,493,45,4503
Mymensingh,Netrokona,Madan,Upazila,112000,202.0,554,45,4503
Mymensingh,Netrokona,Mohanganj,Upazila,115000,185.0,622,45,4503
Mymensingh,Netrokona,Netrokona Sadar,Upazila,243000,291.0,835,45,4503
Mymensingh,Netrokona,Purbadhala,Upazila,160000,257.0,623,45,4503
Mymensingh,Sherpur,Jhenaigati,Upazila,95000,290.0,328,45,4504
Mymensingh,Sherpur,Nakla,Upazila,143000,222.0,644,45,4504
Mymensingh,Sherpur,Nalitabari,Upazila,183000,395.0,463,45,4504
Mymensingh,Sherpur,Sherpur Sadar,Upazila,310000,320.0,969,45,4504
Mymensingh,Sherpur,Sreebardi,Upazila,147000,263.0,559,45,4504
